{
  "Custer, SD": [
    43.6726477,
    -103.5101597
  ],
  "Fish Creek, WI": [
    45.1277686,
    -87.2467256
  ],
  "Fayetteville, AR": [
    36.0625843,
    -94.1574328
  ],
  "Manhattan, KS": [
    39.1836082,
    -96.5716694
  ],
  "Madison, WI": [
    43.07469,
    -89.3841663
  ],
  "Paducah, KY": [
    37.0833893,
    -88.6000478
  ],
  "Carbondale, IL": [
    37.7274692,
    -89.216655
  ],
  "Springfield, MO": [
    37.2081729,
    -93.2922715
  ],
  "Arrow Rock, MO": [
    39.0697466,
    -92.9465808
  ],
  "Overland Park KS": [
    38.9742502,
    -94.6851702
  ],
  "Lexington MO": [
    39.1851824,
    -93.8828515
  ],
  "Marshall MO": [
    39.1230777,
    -93.1968704
  ],
  "Arrow Rock MO": [
    39.0697466,
    -92.9465808
  ],
  "Boonville MO": [
    38.9751547,
    -92.7440277
  ],
  "Blackwater MO": [
    38.9802996,
    -92.99075
  ],
  "Atchison, KS": [
    39.545816,
    -95.3326052
  ],
  "Leavenworth KS": [
    39.3113257,
    -94.922759
  ],
  "Atchison KS": [
    39.545816,
    -95.3326052
  ],
  "Bentonville, AR": [
    36.3728608,
    -94.208787
  ],
  "Eminence, MO": [
    37.1506044,
    -91.357635
  ],
  "Eureka Springs, AR": [
    36.4000796,
    -93.7392419
  ],
  "Galena, IL": [
    42.4157304,
    -90.4294726
  ],
  "Hannibal, MO": [
    39.7082498,
    -91.3587413
  ],
  "Hermann, MO": [
    38.7042119,
    -91.4373845
  ],
  "Hot Springs, AR": [
    34.5038393,
    -93.0552437
  ],
  "Iowa City, IA": [
    41.6612561,
    -91.5299106
  ],
  "Memphis, TN": [
    35.1460249,
    -90.0517638
  ],
  "Minneapolis, MN": [
    44.9772995,
    -93.2654692
  ],
  "Valentine, NE": [
    42.8746752,
    -100.5506158
  ],
  "Omaha, NE": [
    41.2587459,
    -95.9383758
  ],
  "St. Louis, MO": [
    38.6254063,
    -90.190009
  ],
  "Tulsa, OK": [
    36.1563122,
    -95.9927516
  ],
  "Cottonwood Falls, KS": [
    38.3722364,
    -96.5427845
  ],
  "Gardner KS": [
    38.8109254,
    -94.9272958
  ],
  "Council Grove KS": [
    38.6609239,
    -96.491958
  ],
  "Cottonwood Falls KS": [
    38.3722364,
    -96.5427845
  ],
  "Strong City KS": [
    38.3972359,
    -96.5369508
  ],
  "Columbia MO": [
    38.951883,
    -92.3337366
  ],
  "Jefferson City MO": [
    38.577359,
    -92.1724265
  ],
  "Hermann MO": [
    38.7042119,
    -91.4373845
  ],
  "Des Moines IA": [
    41.5868654,
    -93.6249494
  ],
  "Cedar Rapids IA": [
    41.9758872,
    -91.6704053
  ],
  "Dubuque IA": [
    42.5006243,
    -90.6647985
  ],
  "Madison WI": [
    43.07469,
    -89.3841663
  ]
}