{
  "Asheville, NC": [
    35.595363,
    -82.5508407
  ],
  "Custer, SD": [
    43.6726477,
    -103.5101597
  ],
  "Fish Creek, WI": [
    45.1277686,
    -87.2467256
  ],
  "Fayetteville, AR": [
    36.0625843,
    -94.1574328
  ],
  "Fort Scott, KS": [
    37.8399791,
    -94.7082882
  ],
  "Galveston, TX": [
    29.3872254,
    -94.992736
  ],
  "Manhattan, KS": [
    39.1836082,
    -96.5716694
  ],
  "Madison, WI": [
    43.07469,
    -89.3841663
  ],
  "Paducah, KY": [
    37.0833893,
    -88.6000478
  ],
  "Santa Fe, NM": [
    35.6876096,
    -105.938456
  ],
  "Carbondale, IL": [
    37.7274692,
    -89.216655
  ],
  "Springfield, MO": [
    37.2081729,
    -93.2922715
  ],
  "Traverse City, MI": [
    44.7606481,
    -85.6165976
  ],
  "Arrow Rock, MO": [
    39.0697466,
    -92.9465808
  ],
  "Overland Park KS": [
    38.9742502,
    -94.6851702
  ],
  "Lexington MO": [
    39.1851824,
    -93.8828515
  ],
  "Marshall MO": [
    39.1230777,
    -93.1968704
  ],
  "Arrow Rock MO": [
    39.0697466,
    -92.9465808
  ],
  "Boonville MO": [
    38.9751547,
    -92.7440277
  ],
  "Blackwater MO": [
    38.9802996,
    -92.99075
  ],
  "Atchison, KS": [
    39.545816,
    -95.3326052
  ],
  "Leavenworth KS": [
    39.3113257,
    -94.922759
  ],
  "Atchison KS": [
    39.545816,
    -95.3326052
  ],
  "Bar Harbor, ME": [
    44.3876378,
    -68.2043361
  ],
  "Bentonville, AR": [
    36.3728608,
    -94.208787
  ],
  "Marfa, TX": [
    30.3117621,
    -104.023146
  ],
  "Eminence, MO": [
    37.1506044,
    -91.357635
  ],
  "Eureka Springs, AR": [
    36.4000796,
    -93.7392419
  ],
  "Galena, IL": [
    42.4157304,
    -90.4294726
  ],
  "Whitefish, MT": [
    48.4108018,
    -114.334624
  ],
  "Hannibal, MO": [
    39.7082498,
    -91.3587413
  ],
  "Hermann, MO": [
    38.7042119,
    -91.4373845
  ],
  "Hot Springs, AR": [
    34.5038393,
    -93.0552437
  ],
  "Iowa City, IA": [
    41.6612561,
    -91.5299106
  ],
  "Memphis, TN": [
    35.1460249,
    -90.0517638
  ],
  "Minneapolis, MN": [
    44.9772995,
    -93.2654692
  ],
  "Valentine, NE": [
    42.8746752,
    -100.5506158
  ],
  "Port Townsend, WA": [
    48.1179702,
    -122.769544
  ],
  "Omaha, NE": [
    41.2587459,
    -95.9383758
  ],
  "St. Louis, MO": [
    38.6254063,
    -90.190009
  ],
  "Tulsa, OK": [
    36.1563122,
    -95.9927516
  ],
  "Torrey, UT": [
    38.2997368,
    -111.42047
  ],
  "Salt Lake City UT": [
    40.7596198,
    -111.886797
  ],
  "Scipio UT": [
    39.2455219,
    -112.1042955
  ],
  "Salina UT": [
    38.957742,
    -111.859984
  ],
  "Torrey UT": [
    38.2997368,
    -111.42047
  ],
  "Cottonwood Falls, KS": [
    38.3722364,
    -96.5427845
  ],
  "Gardner KS": [
    38.8109254,
    -94.9272958
  ],
  "Council Grove KS": [
    38.6609239,
    -96.491958
  ],
  "Cottonwood Falls KS": [
    38.3722364,
    -96.5427845
  ],
  "Strong City KS": [
    38.3972359,
    -96.5369508
  ]
}